id,title,description,availability,condition,price,link,image_link,brand,item_group_id,size
fr-60x90,Drapeau français — 60 × 90 cm,"Drapeau français en polyester, œillets métalliques, plusieurs tailles disponibles.",in stock,new,12.00 EUR,https://site-france-orpin.vercel.app/#boutique,https://site-france-orpin.vercel.app/img/fr-national.jpg,FortDébat,fr,60 × 90 cm
fr-90x150,Drapeau français — 90 × 150 cm,"Drapeau français en polyester, œillets métalliques, plusieurs tailles disponibles.",in stock,new,21.00 EUR,https://site-france-orpin.vercel.app/#boutique,https://site-france-orpin.vercel.app/img/fr-national.jpg,FortDébat,fr,90 × 150 cm
bretagne-14x21,Drapeau de la Bretagne — 14 × 21 cm,"Drapeau régional en polyester, œillets métalliques, huit tailles disponibles.",in stock,new,4.50 EUR,https://site-france-orpin.vercel.app/#boutique,https://site-france-orpin.vercel.app/img/rg-bretagne-pad.jpg,FortDébat,bretagne,14 × 21 cm
bretagne-20x30,Drapeau de la Bretagne — 20 × 30 cm,"Drapeau régional en polyester, œillets métalliques, huit tailles disponibles.",in stock,new,5.00 EUR,https://site-france-orpin.vercel.app/#boutique,https://site-france-orpin.vercel.app/img/rg-bretagne-pad.jpg,FortDébat,bretagne,20 × 30 cm
bretagne-30x45,Drapeau de la Bretagne — 30 × 45 cm,"Drapeau régional en polyester, œillets métalliques, huit tailles disponibles.",in stock,new,8.00 EUR,https://site-france-orpin.vercel.app/#boutique,https://site-france-orpin.vercel.app/img/rg-bretagne-pad.jpg,FortDébat,bretagne,30 × 45 cm
bretagne-60x90,Drapeau de la Bretagne — 60 × 90 cm,"Drapeau régional en polyester, œillets métalliques, huit tailles disponibles.",in stock,new,12.00 EUR,https://site-france-orpin.vercel.app/#boutique,https://site-france-orpin.vercel.app/img/rg-bretagne-pad.jpg,FortDébat,bretagne,60 × 90 cm
bretagne-90x150,Drapeau de la Bretagne — 90 × 150 cm,"Drapeau régional en polyester, œillets métalliques, huit tailles disponibles.",in stock,new,21.00 EUR,https://site-france-orpin.vercel.app/#boutique,https://site-france-orpin.vercel.app/img/rg-bretagne-pad.jpg,FortDébat,bretagne,90 × 150 cm
bretagne-120x180,Drapeau de la Bretagne — 120 × 180 cm,"Drapeau régional en polyester, œillets métalliques, huit tailles disponibles.",in stock,new,51.00 EUR,https://site-france-orpin.vercel.app/#boutique,https://site-france-orpin.vercel.app/img/rg-bretagne-pad.jpg,FortDébat,bretagne,120 × 180 cm
bretagne-150x240,Drapeau de la Bretagne — 150 × 240 cm,"Drapeau régional en polyester, œillets métalliques, huit tailles disponibles.",in stock,new,75.00 EUR,https://site-france-orpin.vercel.app/#boutique,https://site-france-orpin.vercel.app/img/rg-bretagne-pad.jpg,FortDébat,bretagne,150 × 240 cm
bretagne-180x300,Drapeau de la Bretagne — 180 × 300 cm,"Drapeau régional en polyester, œillets métalliques, huit tailles disponibles.",in stock,new,105.00 EUR,https://site-france-orpin.vercel.app/#boutique,https://site-france-orpin.vercel.app/img/rg-bretagne-pad.jpg,FortDébat,bretagne,180 × 300 cm
corse-14x21,Drapeau de la Corse — 14 × 21 cm,"Drapeau régional en polyester, œillets métalliques, huit tailles disponibles.",in stock,new,4.50 EUR,https://site-france-orpin.vercel.app/#boutique,https://site-france-orpin.vercel.app/img/rg-corse-pad.jpg,FortDébat,corse,14 × 21 cm
corse-20x30,Drapeau de la Corse — 20 × 30 cm,"Drapeau régional en polyester, œillets métalliques, huit tailles disponibles.",in stock,new,5.00 EUR,https://site-france-orpin.vercel.app/#boutique,https://site-france-orpin.vercel.app/img/rg-corse-pad.jpg,FortDébat,corse,20 × 30 cm
corse-30x45,Drapeau de la Corse — 30 × 45 cm,"Drapeau régional en polyester, œillets métalliques, huit tailles disponibles.",in stock,new,8.00 EUR,https://site-france-orpin.vercel.app/#boutique,https://site-france-orpin.vercel.app/img/rg-corse-pad.jpg,FortDébat,corse,30 × 45 cm
corse-60x90,Drapeau de la Corse — 60 × 90 cm,"Drapeau régional en polyester, œillets métalliques, huit tailles disponibles.",in stock,new,12.00 EUR,https://site-france-orpin.vercel.app/#boutique,https://site-france-orpin.vercel.app/img/rg-corse-pad.jpg,FortDébat,corse,60 × 90 cm
corse-90x150,Drapeau de la Corse — 90 × 150 cm,"Drapeau régional en polyester, œillets métalliques, huit tailles disponibles.",in stock,new,21.00 EUR,https://site-france-orpin.vercel.app/#boutique,https://site-france-orpin.vercel.app/img/rg-corse-pad.jpg,FortDébat,corse,90 × 150 cm
corse-120x180,Drapeau de la Corse — 120 × 180 cm,"Drapeau régional en polyester, œillets métalliques, huit tailles disponibles.",in stock,new,51.00 EUR,https://site-france-orpin.vercel.app/#boutique,https://site-france-orpin.vercel.app/img/rg-corse-pad.jpg,FortDébat,corse,120 × 180 cm
corse-150x240,Drapeau de la Corse — 150 × 240 cm,"Drapeau régional en polyester, œillets métalliques, huit tailles disponibles.",in stock,new,75.00 EUR,https://site-france-orpin.vercel.app/#boutique,https://site-france-orpin.vercel.app/img/rg-corse-pad.jpg,FortDébat,corse,150 × 240 cm
corse-180x300,Drapeau de la Corse — 180 × 300 cm,"Drapeau régional en polyester, œillets métalliques, huit tailles disponibles.",in stock,new,105.00 EUR,https://site-france-orpin.vercel.app/#boutique,https://site-france-orpin.vercel.app/img/rg-corse-pad.jpg,FortDébat,corse,180 × 300 cm
alsace-14x21,Drapeau de l’Alsace — 14 × 21 cm,"Drapeau régional en polyester, œillets métalliques, huit tailles disponibles.",in stock,new,4.50 EUR,https://site-france-orpin.vercel.app/#boutique,https://site-france-orpin.vercel.app/img/rg-alsace-pad.jpg,FortDébat,alsace,14 × 21 cm
alsace-20x30,Drapeau de l’Alsace — 20 × 30 cm,"Drapeau régional en polyester, œillets métalliques, huit tailles disponibles.",in stock,new,5.00 EUR,https://site-france-orpin.vercel.app/#boutique,https://site-france-orpin.vercel.app/img/rg-alsace-pad.jpg,FortDébat,alsace,20 × 30 cm
alsace-30x45,Drapeau de l’Alsace — 30 × 45 cm,"Drapeau régional en polyester, œillets métalliques, huit tailles disponibles.",in stock,new,8.00 EUR,https://site-france-orpin.vercel.app/#boutique,https://site-france-orpin.vercel.app/img/rg-alsace-pad.jpg,FortDébat,alsace,30 × 45 cm
alsace-60x90,Drapeau de l’Alsace — 60 × 90 cm,"Drapeau régional en polyester, œillets métalliques, huit tailles disponibles.",in stock,new,12.00 EUR,https://site-france-orpin.vercel.app/#boutique,https://site-france-orpin.vercel.app/img/rg-alsace-pad.jpg,FortDébat,alsace,60 × 90 cm
alsace-90x150,Drapeau de l’Alsace — 90 × 150 cm,"Drapeau régional en polyester, œillets métalliques, huit tailles disponibles.",in stock,new,21.00 EUR,https://site-france-orpin.vercel.app/#boutique,https://site-france-orpin.vercel.app/img/rg-alsace-pad.jpg,FortDébat,alsace,90 × 150 cm
alsace-120x180,Drapeau de l’Alsace — 120 × 180 cm,"Drapeau régional en polyester, œillets métalliques, huit tailles disponibles.",in stock,new,51.00 EUR,https://site-france-orpin.vercel.app/#boutique,https://site-france-orpin.vercel.app/img/rg-alsace-pad.jpg,FortDébat,alsace,120 × 180 cm
alsace-150x240,Drapeau de l’Alsace — 150 × 240 cm,"Drapeau régional en polyester, œillets métalliques, huit tailles disponibles.",in stock,new,75.00 EUR,https://site-france-orpin.vercel.app/#boutique,https://site-france-orpin.vercel.app/img/rg-alsace-pad.jpg,FortDébat,alsace,150 × 240 cm
alsace-180x300,Drapeau de l’Alsace — 180 × 300 cm,"Drapeau régional en polyester, œillets métalliques, huit tailles disponibles.",in stock,new,105.00 EUR,https://site-france-orpin.vercel.app/#boutique,https://site-france-orpin.vercel.app/img/rg-alsace-pad.jpg,FortDébat,alsace,180 × 300 cm
idf-14x21,Drapeau de l’Île-de-France — 14 × 21 cm,"Drapeau régional en polyester, œillets métalliques, huit tailles disponibles.",in stock,new,4.50 EUR,https://site-france-orpin.vercel.app/#boutique,https://site-france-orpin.vercel.app/img/rg-idf-pad.jpg,FortDébat,idf,14 × 21 cm
idf-20x30,Drapeau de l’Île-de-France — 20 × 30 cm,"Drapeau régional en polyester, œillets métalliques, huit tailles disponibles.",in stock,new,5.00 EUR,https://site-france-orpin.vercel.app/#boutique,https://site-france-orpin.vercel.app/img/rg-idf-pad.jpg,FortDébat,idf,20 × 30 cm
idf-30x45,Drapeau de l’Île-de-France — 30 × 45 cm,"Drapeau régional en polyester, œillets métalliques, huit tailles disponibles.",in stock,new,8.00 EUR,https://site-france-orpin.vercel.app/#boutique,https://site-france-orpin.vercel.app/img/rg-idf-pad.jpg,FortDébat,idf,30 × 45 cm
idf-60x90,Drapeau de l’Île-de-France — 60 × 90 cm,"Drapeau régional en polyester, œillets métalliques, huit tailles disponibles.",in stock,new,12.00 EUR,https://site-france-orpin.vercel.app/#boutique,https://site-france-orpin.vercel.app/img/rg-idf-pad.jpg,FortDébat,idf,60 × 90 cm
idf-90x150,Drapeau de l’Île-de-France — 90 × 150 cm,"Drapeau régional en polyester, œillets métalliques, huit tailles disponibles.",in stock,new,21.00 EUR,https://site-france-orpin.vercel.app/#boutique,https://site-france-orpin.vercel.app/img/rg-idf-pad.jpg,FortDébat,idf,90 × 150 cm
idf-120x180,Drapeau de l’Île-de-France — 120 × 180 cm,"Drapeau régional en polyester, œillets métalliques, huit tailles disponibles.",in stock,new,51.00 EUR,https://site-france-orpin.vercel.app/#boutique,https://site-france-orpin.vercel.app/img/rg-idf-pad.jpg,FortDébat,idf,120 × 180 cm
idf-150x240,Drapeau de l’Île-de-France — 150 × 240 cm,"Drapeau régional en polyester, œillets métalliques, huit tailles disponibles.",in stock,new,75.00 EUR,https://site-france-orpin.vercel.app/#boutique,https://site-france-orpin.vercel.app/img/rg-idf-pad.jpg,FortDébat,idf,150 × 240 cm
idf-180x300,Drapeau de l’Île-de-France — 180 × 300 cm,"Drapeau régional en polyester, œillets métalliques, huit tailles disponibles.",in stock,new,105.00 EUR,https://site-france-orpin.vercel.app/#boutique,https://site-france-orpin.vercel.app/img/rg-idf-pad.jpg,FortDébat,idf,180 × 300 cm
languedoc-14x21,Drapeau du Languedoc-Roussillon — 14 × 21 cm,"Drapeau régional en polyester, œillets métalliques, huit tailles disponibles.",in stock,new,4.50 EUR,https://site-france-orpin.vercel.app/#boutique,https://site-france-orpin.vercel.app/img/rg-languedoc-pad.jpg,FortDébat,languedoc,14 × 21 cm
languedoc-20x30,Drapeau du Languedoc-Roussillon — 20 × 30 cm,"Drapeau régional en polyester, œillets métalliques, huit tailles disponibles.",in stock,new,5.00 EUR,https://site-france-orpin.vercel.app/#boutique,https://site-france-orpin.vercel.app/img/rg-languedoc-pad.jpg,FortDébat,languedoc,20 × 30 cm
languedoc-30x45,Drapeau du Languedoc-Roussillon — 30 × 45 cm,"Drapeau régional en polyester, œillets métalliques, huit tailles disponibles.",in stock,new,8.00 EUR,https://site-france-orpin.vercel.app/#boutique,https://site-france-orpin.vercel.app/img/rg-languedoc-pad.jpg,FortDébat,languedoc,30 × 45 cm
languedoc-60x90,Drapeau du Languedoc-Roussillon — 60 × 90 cm,"Drapeau régional en polyester, œillets métalliques, huit tailles disponibles.",in stock,new,12.00 EUR,https://site-france-orpin.vercel.app/#boutique,https://site-france-orpin.vercel.app/img/rg-languedoc-pad.jpg,FortDébat,languedoc,60 × 90 cm
languedoc-90x150,Drapeau du Languedoc-Roussillon — 90 × 150 cm,"Drapeau régional en polyester, œillets métalliques, huit tailles disponibles.",in stock,new,21.00 EUR,https://site-france-orpin.vercel.app/#boutique,https://site-france-orpin.vercel.app/img/rg-languedoc-pad.jpg,FortDébat,languedoc,90 × 150 cm
languedoc-120x180,Drapeau du Languedoc-Roussillon — 120 × 180 cm,"Drapeau régional en polyester, œillets métalliques, huit tailles disponibles.",in stock,new,51.00 EUR,https://site-france-orpin.vercel.app/#boutique,https://site-france-orpin.vercel.app/img/rg-languedoc-pad.jpg,FortDébat,languedoc,120 × 180 cm
languedoc-150x240,Drapeau du Languedoc-Roussillon — 150 × 240 cm,"Drapeau régional en polyester, œillets métalliques, huit tailles disponibles.",in stock,new,75.00 EUR,https://site-france-orpin.vercel.app/#boutique,https://site-france-orpin.vercel.app/img/rg-languedoc-pad.jpg,FortDébat,languedoc,150 × 240 cm
languedoc-180x300,Drapeau du Languedoc-Roussillon — 180 × 300 cm,"Drapeau régional en polyester, œillets métalliques, huit tailles disponibles.",in stock,new,105.00 EUR,https://site-france-orpin.vercel.app/#boutique,https://site-france-orpin.vercel.app/img/rg-languedoc-pad.jpg,FortDébat,languedoc,180 × 300 cm
midi-14x21,Drapeau de Midi-Pyrénées — 14 × 21 cm,"Drapeau régional en polyester, œillets métalliques, huit tailles disponibles.",in stock,new,4.50 EUR,https://site-france-orpin.vercel.app/#boutique,https://site-france-orpin.vercel.app/img/rg-midi-pad.jpg,FortDébat,midi,14 × 21 cm
midi-20x30,Drapeau de Midi-Pyrénées — 20 × 30 cm,"Drapeau régional en polyester, œillets métalliques, huit tailles disponibles.",in stock,new,5.00 EUR,https://site-france-orpin.vercel.app/#boutique,https://site-france-orpin.vercel.app/img/rg-midi-pad.jpg,FortDébat,midi,20 × 30 cm
midi-30x45,Drapeau de Midi-Pyrénées — 30 × 45 cm,"Drapeau régional en polyester, œillets métalliques, huit tailles disponibles.",in stock,new,8.00 EUR,https://site-france-orpin.vercel.app/#boutique,https://site-france-orpin.vercel.app/img/rg-midi-pad.jpg,FortDébat,midi,30 × 45 cm
midi-60x90,Drapeau de Midi-Pyrénées — 60 × 90 cm,"Drapeau régional en polyester, œillets métalliques, huit tailles disponibles.",in stock,new,12.00 EUR,https://site-france-orpin.vercel.app/#boutique,https://site-france-orpin.vercel.app/img/rg-midi-pad.jpg,FortDébat,midi,60 × 90 cm
midi-90x150,Drapeau de Midi-Pyrénées — 90 × 150 cm,"Drapeau régional en polyester, œillets métalliques, huit tailles disponibles.",in stock,new,21.00 EUR,https://site-france-orpin.vercel.app/#boutique,https://site-france-orpin.vercel.app/img/rg-midi-pad.jpg,FortDébat,midi,90 × 150 cm
midi-120x180,Drapeau de Midi-Pyrénées — 120 × 180 cm,"Drapeau régional en polyester, œillets métalliques, huit tailles disponibles.",in stock,new,51.00 EUR,https://site-france-orpin.vercel.app/#boutique,https://site-france-orpin.vercel.app/img/rg-midi-pad.jpg,FortDébat,midi,120 × 180 cm
midi-150x240,Drapeau de Midi-Pyrénées — 150 × 240 cm,"Drapeau régional en polyester, œillets métalliques, huit tailles disponibles.",in stock,new,75.00 EUR,https://site-france-orpin.vercel.app/#boutique,https://site-france-orpin.vercel.app/img/rg-midi-pad.jpg,FortDébat,midi,150 × 240 cm
midi-180x300,Drapeau de Midi-Pyrénées — 180 × 300 cm,"Drapeau régional en polyester, œillets métalliques, huit tailles disponibles.",in stock,new,105.00 EUR,https://site-france-orpin.vercel.app/#boutique,https://site-france-orpin.vercel.app/img/rg-midi-pad.jpg,FortDébat,midi,180 × 300 cm
bourgogne-14x21,Drapeau de la Bourgogne — 14 × 21 cm,"Drapeau régional en polyester, œillets métalliques, huit tailles disponibles.",in stock,new,4.50 EUR,https://site-france-orpin.vercel.app/#boutique,https://site-france-orpin.vercel.app/img/rg-bourgogne-pad.jpg,FortDébat,bourgogne,14 × 21 cm
bourgogne-20x30,Drapeau de la Bourgogne — 20 × 30 cm,"Drapeau régional en polyester, œillets métalliques, huit tailles disponibles.",in stock,new,5.00 EUR,https://site-france-orpin.vercel.app/#boutique,https://site-france-orpin.vercel.app/img/rg-bourgogne-pad.jpg,FortDébat,bourgogne,20 × 30 cm
bourgogne-30x45,Drapeau de la Bourgogne — 30 × 45 cm,"Drapeau régional en polyester, œillets métalliques, huit tailles disponibles.",in stock,new,8.00 EUR,https://site-france-orpin.vercel.app/#boutique,https://site-france-orpin.vercel.app/img/rg-bourgogne-pad.jpg,FortDébat,bourgogne,30 × 45 cm
bourgogne-60x90,Drapeau de la Bourgogne — 60 × 90 cm,"Drapeau régional en polyester, œillets métalliques, huit tailles disponibles.",in stock,new,12.00 EUR,https://site-france-orpin.vercel.app/#boutique,https://site-france-orpin.vercel.app/img/rg-bourgogne-pad.jpg,FortDébat,bourgogne,60 × 90 cm
bourgogne-90x150,Drapeau de la Bourgogne — 90 × 150 cm,"Drapeau régional en polyester, œillets métalliques, huit tailles disponibles.",in stock,new,21.00 EUR,https://site-france-orpin.vercel.app/#boutique,https://site-france-orpin.vercel.app/img/rg-bourgogne-pad.jpg,FortDébat,bourgogne,90 × 150 cm
bourgogne-120x180,Drapeau de la Bourgogne — 120 × 180 cm,"Drapeau régional en polyester, œillets métalliques, huit tailles disponibles.",in stock,new,51.00 EUR,https://site-france-orpin.vercel.app/#boutique,https://site-france-orpin.vercel.app/img/rg-bourgogne-pad.jpg,FortDébat,bourgogne,120 × 180 cm
bourgogne-150x240,Drapeau de la Bourgogne — 150 × 240 cm,"Drapeau régional en polyester, œillets métalliques, huit tailles disponibles.",in stock,new,75.00 EUR,https://site-france-orpin.vercel.app/#boutique,https://site-france-orpin.vercel.app/img/rg-bourgogne-pad.jpg,FortDébat,bourgogne,150 × 240 cm
bourgogne-180x300,Drapeau de la Bourgogne — 180 × 300 cm,"Drapeau régional en polyester, œillets métalliques, huit tailles disponibles.",in stock,new,105.00 EUR,https://site-france-orpin.vercel.app/#boutique,https://site-france-orpin.vercel.app/img/rg-bourgogne-pad.jpg,FortDébat,bourgogne,180 × 300 cm
auvergne-14x21,Drapeau de l’Auvergne — 14 × 21 cm,"Drapeau régional en polyester, œillets métalliques, huit tailles disponibles.",in stock,new,4.50 EUR,https://site-france-orpin.vercel.app/#boutique,https://site-france-orpin.vercel.app/img/rg-auvergne-pad.jpg,FortDébat,auvergne,14 × 21 cm
auvergne-20x30,Drapeau de l’Auvergne — 20 × 30 cm,"Drapeau régional en polyester, œillets métalliques, huit tailles disponibles.",in stock,new,5.00 EUR,https://site-france-orpin.vercel.app/#boutique,https://site-france-orpin.vercel.app/img/rg-auvergne-pad.jpg,FortDébat,auvergne,20 × 30 cm
auvergne-30x45,Drapeau de l’Auvergne — 30 × 45 cm,"Drapeau régional en polyester, œillets métalliques, huit tailles disponibles.",in stock,new,8.00 EUR,https://site-france-orpin.vercel.app/#boutique,https://site-france-orpin.vercel.app/img/rg-auvergne-pad.jpg,FortDébat,auvergne,30 × 45 cm
auvergne-60x90,Drapeau de l’Auvergne — 60 × 90 cm,"Drapeau régional en polyester, œillets métalliques, huit tailles disponibles.",in stock,new,12.00 EUR,https://site-france-orpin.vercel.app/#boutique,https://site-france-orpin.vercel.app/img/rg-auvergne-pad.jpg,FortDébat,auvergne,60 × 90 cm
auvergne-90x150,Drapeau de l’Auvergne — 90 × 150 cm,"Drapeau régional en polyester, œillets métalliques, huit tailles disponibles.",in stock,new,21.00 EUR,https://site-france-orpin.vercel.app/#boutique,https://site-france-orpin.vercel.app/img/rg-auvergne-pad.jpg,FortDébat,auvergne,90 × 150 cm
auvergne-120x180,Drapeau de l’Auvergne — 120 × 180 cm,"Drapeau régional en polyester, œillets métalliques, huit tailles disponibles.",in stock,new,51.00 EUR,https://site-france-orpin.vercel.app/#boutique,https://site-france-orpin.vercel.app/img/rg-auvergne-pad.jpg,FortDébat,auvergne,120 × 180 cm
auvergne-150x240,Drapeau de l’Auvergne — 150 × 240 cm,"Drapeau régional en polyester, œillets métalliques, huit tailles disponibles.",in stock,new,75.00 EUR,https://site-france-orpin.vercel.app/#boutique,https://site-france-orpin.vercel.app/img/rg-auvergne-pad.jpg,FortDébat,auvergne,150 × 240 cm
auvergne-180x300,Drapeau de l’Auvergne — 180 × 300 cm,"Drapeau régional en polyester, œillets métalliques, huit tailles disponibles.",in stock,new,105.00 EUR,https://site-france-orpin.vercel.app/#boutique,https://site-france-orpin.vercel.app/img/rg-auvergne-pad.jpg,FortDébat,auvergne,180 × 300 cm
pins-1,Pin's drapeau français — 1 pièce,"Pin's émaillé drapeau français, plusieurs quantités disponibles.",in stock,new,2.00 EUR,https://site-france-orpin.vercel.app/#boutique,https://site-france-orpin.vercel.app/img/pin-drapeau.jpg,FortDébat,pins,1 pièce
pins-3,Pin's drapeau français — 3 pièces,"Pin's émaillé drapeau français, plusieurs quantités disponibles.",in stock,new,5.00 EUR,https://site-france-orpin.vercel.app/#boutique,https://site-france-orpin.vercel.app/img/pin-drapeau.jpg,FortDébat,pins,3 pièces
pins-5,Pin's drapeau français — 5 pièces,"Pin's émaillé drapeau français, plusieurs quantités disponibles.",in stock,new,9.00 EUR,https://site-france-orpin.vercel.app/#boutique,https://site-france-orpin.vercel.app/img/pin-drapeau.jpg,FortDébat,pins,5 pièces
pins-10,Pin's drapeau français — 10 pièces,"Pin's émaillé drapeau français, plusieurs quantités disponibles.",in stock,new,18.50 EUR,https://site-france-orpin.vercel.app/#boutique,https://site-france-orpin.vercel.app/img/pin-drapeau.jpg,FortDébat,pins,10 pièces
pins-50,Pin's drapeau français — 50 pièces,"Pin's émaillé drapeau français, plusieurs quantités disponibles.",in stock,new,93.00 EUR,https://site-france-orpin.vercel.app/#boutique,https://site-france-orpin.vercel.app/img/pin-drapeau.jpg,FortDébat,pins,50 pièces
pins-100,Pin's drapeau français — 100 pièces,"Pin's émaillé drapeau français, plusieurs quantités disponibles.",in stock,new,148.00 EUR,https://site-france-orpin.vercel.app/#boutique,https://site-france-orpin.vercel.app/img/pin-drapeau.jpg,FortDébat,pins,100 pièces
stickers,Pack de 50 autocollants voyage France,"Pack de 50 autocollants waterproof à thème voyage France, motifs variés.",in stock,new,6.50 EUR,https://site-france-orpin.vercel.app/#boutique,https://site-france-orpin.vercel.app/img/stickers-1.jpg,FortDébat,stickers,unique
poster-tilsit-13x18,Français et Russes — de Tilsit à Châlons — 13 × 18 cm,"Reproduction d'époque grand format, huit formats disponibles. Cadre non inclus.",in stock,new,18.00 EUR,https://site-france-orpin.vercel.app/#boutique,https://site-france-orpin.vercel.app/img/poster-tilsit.jpg,FortDébat,poster-tilsit,13 × 18 cm
poster-tilsit-20x25,Français et Russes — de Tilsit à Châlons — 20 × 25 cm,"Reproduction d'époque grand format, huit formats disponibles. Cadre non inclus.",in stock,new,21.00 EUR,https://site-france-orpin.vercel.app/#boutique,https://site-france-orpin.vercel.app/img/poster-tilsit.jpg,FortDébat,poster-tilsit,20 × 25 cm
poster-tilsit-21x30,Français et Russes — de Tilsit à Châlons — 21 × 30 cm,"Reproduction d'époque grand format, huit formats disponibles. Cadre non inclus.",in stock,new,25.00 EUR,https://site-france-orpin.vercel.app/#boutique,https://site-france-orpin.vercel.app/img/poster-tilsit.jpg,FortDébat,poster-tilsit,21 × 30 cm
poster-tilsit-30x40,Français et Russes — de Tilsit à Châlons — 30 × 40 cm,"Reproduction d'époque grand format, huit formats disponibles. Cadre non inclus.",in stock,new,32.00 EUR,https://site-france-orpin.vercel.app/#boutique,https://site-france-orpin.vercel.app/img/poster-tilsit.jpg,FortDébat,poster-tilsit,30 × 40 cm
poster-tilsit-30x42,Français et Russes — de Tilsit à Châlons — 30 × 42 cm,"Reproduction d'époque grand format, huit formats disponibles. Cadre non inclus.",in stock,new,34.00 EUR,https://site-france-orpin.vercel.app/#boutique,https://site-france-orpin.vercel.app/img/poster-tilsit.jpg,FortDébat,poster-tilsit,30 × 42 cm
poster-tilsit-40x50,Français et Russes — de Tilsit à Châlons — 40 × 50 cm,"Reproduction d'époque grand format, huit formats disponibles. Cadre non inclus.",in stock,new,38.00 EUR,https://site-france-orpin.vercel.app/#boutique,https://site-france-orpin.vercel.app/img/poster-tilsit.jpg,FortDébat,poster-tilsit,40 × 50 cm
poster-tilsit-40x60,Français et Russes — de Tilsit à Châlons — 40 × 60 cm,"Reproduction d'époque grand format, huit formats disponibles. Cadre non inclus.",in stock,new,42.00 EUR,https://site-france-orpin.vercel.app/#boutique,https://site-france-orpin.vercel.app/img/poster-tilsit.jpg,FortDébat,poster-tilsit,40 × 60 cm
poster-tilsit-50x70,Français et Russes — de Tilsit à Châlons — 50 × 70 cm,"Reproduction d'époque grand format, huit formats disponibles. Cadre non inclus.",in stock,new,84.00 EUR,https://site-france-orpin.vercel.app/#boutique,https://site-france-orpin.vercel.app/img/poster-tilsit.jpg,FortDébat,poster-tilsit,50 × 70 cm
poster-infanterie-13x18,L'infanterie française dans la bataille — 13 × 18 cm,"Reproduction d'époque grand format, huit formats disponibles. Cadre non inclus.",in stock,new,18.00 EUR,https://site-france-orpin.vercel.app/#boutique,https://site-france-orpin.vercel.app/img/poster-infanterie.jpg,FortDébat,poster-infanterie,13 × 18 cm
poster-infanterie-20x25,L'infanterie française dans la bataille — 20 × 25 cm,"Reproduction d'époque grand format, huit formats disponibles. Cadre non inclus.",in stock,new,21.00 EUR,https://site-france-orpin.vercel.app/#boutique,https://site-france-orpin.vercel.app/img/poster-infanterie.jpg,FortDébat,poster-infanterie,20 × 25 cm
poster-infanterie-21x30,L'infanterie française dans la bataille — 21 × 30 cm,"Reproduction d'époque grand format, huit formats disponibles. Cadre non inclus.",in stock,new,25.00 EUR,https://site-france-orpin.vercel.app/#boutique,https://site-france-orpin.vercel.app/img/poster-infanterie.jpg,FortDébat,poster-infanterie,21 × 30 cm
poster-infanterie-30x40,L'infanterie française dans la bataille — 30 × 40 cm,"Reproduction d'époque grand format, huit formats disponibles. Cadre non inclus.",in stock,new,32.00 EUR,https://site-france-orpin.vercel.app/#boutique,https://site-france-orpin.vercel.app/img/poster-infanterie.jpg,FortDébat,poster-infanterie,30 × 40 cm
poster-infanterie-30x42,L'infanterie française dans la bataille — 30 × 42 cm,"Reproduction d'époque grand format, huit formats disponibles. Cadre non inclus.",in stock,new,34.00 EUR,https://site-france-orpin.vercel.app/#boutique,https://site-france-orpin.vercel.app/img/poster-infanterie.jpg,FortDébat,poster-infanterie,30 × 42 cm
poster-infanterie-40x50,L'infanterie française dans la bataille — 40 × 50 cm,"Reproduction d'époque grand format, huit formats disponibles. Cadre non inclus.",in stock,new,38.00 EUR,https://site-france-orpin.vercel.app/#boutique,https://site-france-orpin.vercel.app/img/poster-infanterie.jpg,FortDébat,poster-infanterie,40 × 50 cm
poster-infanterie-40x60,L'infanterie française dans la bataille — 40 × 60 cm,"Reproduction d'époque grand format, huit formats disponibles. Cadre non inclus.",in stock,new,42.00 EUR,https://site-france-orpin.vercel.app/#boutique,https://site-france-orpin.vercel.app/img/poster-infanterie.jpg,FortDébat,poster-infanterie,40 × 60 cm
poster-infanterie-50x70,L'infanterie française dans la bataille — 50 × 70 cm,"Reproduction d'époque grand format, huit formats disponibles. Cadre non inclus.",in stock,new,84.00 EUR,https://site-france-orpin.vercel.app/#boutique,https://site-france-orpin.vercel.app/img/poster-infanterie.jpg,FortDébat,poster-infanterie,50 × 70 cm
poster-armement-13x18,Souscrivez aux bons d’armement — 13 × 18 cm,"Reproduction d'époque grand format, huit formats disponibles. Cadre non inclus.",in stock,new,18.00 EUR,https://site-france-orpin.vercel.app/#boutique,https://site-france-orpin.vercel.app/img/poster-armement.jpg,FortDébat,poster-armement,13 × 18 cm
poster-armement-20x25,Souscrivez aux bons d’armement — 20 × 25 cm,"Reproduction d'époque grand format, huit formats disponibles. Cadre non inclus.",in stock,new,21.00 EUR,https://site-france-orpin.vercel.app/#boutique,https://site-france-orpin.vercel.app/img/poster-armement.jpg,FortDébat,poster-armement,20 × 25 cm
poster-armement-21x30,Souscrivez aux bons d’armement — 21 × 30 cm,"Reproduction d'époque grand format, huit formats disponibles. Cadre non inclus.",in stock,new,25.00 EUR,https://site-france-orpin.vercel.app/#boutique,https://site-france-orpin.vercel.app/img/poster-armement.jpg,FortDébat,poster-armement,21 × 30 cm
poster-armement-30x40,Souscrivez aux bons d’armement — 30 × 40 cm,"Reproduction d'époque grand format, huit formats disponibles. Cadre non inclus.",in stock,new,32.00 EUR,https://site-france-orpin.vercel.app/#boutique,https://site-france-orpin.vercel.app/img/poster-armement.jpg,FortDébat,poster-armement,30 × 40 cm
poster-armement-30x42,Souscrivez aux bons d’armement — 30 × 42 cm,"Reproduction d'époque grand format, huit formats disponibles. Cadre non inclus.",in stock,new,34.00 EUR,https://site-france-orpin.vercel.app/#boutique,https://site-france-orpin.vercel.app/img/poster-armement.jpg,FortDébat,poster-armement,30 × 42 cm
poster-armement-40x50,Souscrivez aux bons d’armement — 40 × 50 cm,"Reproduction d'époque grand format, huit formats disponibles. Cadre non inclus.",in stock,new,38.00 EUR,https://site-france-orpin.vercel.app/#boutique,https://site-france-orpin.vercel.app/img/poster-armement.jpg,FortDébat,poster-armement,40 × 50 cm
poster-armement-40x60,Souscrivez aux bons d’armement — 40 × 60 cm,"Reproduction d'époque grand format, huit formats disponibles. Cadre non inclus.",in stock,new,42.00 EUR,https://site-france-orpin.vercel.app/#boutique,https://site-france-orpin.vercel.app/img/poster-armement.jpg,FortDébat,poster-armement,40 × 60 cm
poster-armement-50x70,Souscrivez aux bons d’armement — 50 × 70 cm,"Reproduction d'époque grand format, huit formats disponibles. Cadre non inclus.",in stock,new,84.00 EUR,https://site-france-orpin.vercel.app/#boutique,https://site-france-orpin.vercel.app/img/poster-armement.jpg,FortDébat,poster-armement,50 × 70 cm
poster-blindee-13x18,"Jeunes, choisissez l’arme blindée — 13 × 18 cm","Reproduction d'époque grand format, huit formats disponibles. Cadre non inclus.",in stock,new,18.00 EUR,https://site-france-orpin.vercel.app/#boutique,https://site-france-orpin.vercel.app/img/poster-blindee.jpg,FortDébat,poster-blindee,13 × 18 cm
poster-blindee-20x25,"Jeunes, choisissez l’arme blindée — 20 × 25 cm","Reproduction d'époque grand format, huit formats disponibles. Cadre non inclus.",in stock,new,21.00 EUR,https://site-france-orpin.vercel.app/#boutique,https://site-france-orpin.vercel.app/img/poster-blindee.jpg,FortDébat,poster-blindee,20 × 25 cm
poster-blindee-21x30,"Jeunes, choisissez l’arme blindée — 21 × 30 cm","Reproduction d'époque grand format, huit formats disponibles. Cadre non inclus.",in stock,new,25.00 EUR,https://site-france-orpin.vercel.app/#boutique,https://site-france-orpin.vercel.app/img/poster-blindee.jpg,FortDébat,poster-blindee,21 × 30 cm
poster-blindee-30x40,"Jeunes, choisissez l’arme blindée — 30 × 40 cm","Reproduction d'époque grand format, huit formats disponibles. Cadre non inclus.",in stock,new,32.00 EUR,https://site-france-orpin.vercel.app/#boutique,https://site-france-orpin.vercel.app/img/poster-blindee.jpg,FortDébat,poster-blindee,30 × 40 cm
poster-blindee-30x42,"Jeunes, choisissez l’arme blindée — 30 × 42 cm","Reproduction d'époque grand format, huit formats disponibles. Cadre non inclus.",in stock,new,34.00 EUR,https://site-france-orpin.vercel.app/#boutique,https://site-france-orpin.vercel.app/img/poster-blindee.jpg,FortDébat,poster-blindee,30 × 42 cm
poster-blindee-40x50,"Jeunes, choisissez l’arme blindée — 40 × 50 cm","Reproduction d'époque grand format, huit formats disponibles. Cadre non inclus.",in stock,new,38.00 EUR,https://site-france-orpin.vercel.app/#boutique,https://site-france-orpin.vercel.app/img/poster-blindee.jpg,FortDébat,poster-blindee,40 × 50 cm
poster-blindee-40x60,"Jeunes, choisissez l’arme blindée — 40 × 60 cm","Reproduction d'époque grand format, huit formats disponibles. Cadre non inclus.",in stock,new,42.00 EUR,https://site-france-orpin.vercel.app/#boutique,https://site-france-orpin.vercel.app/img/poster-blindee.jpg,FortDébat,poster-blindee,40 × 60 cm
poster-blindee-50x70,"Jeunes, choisissez l’arme blindée — 50 × 70 cm","Reproduction d'époque grand format, huit formats disponibles. Cadre non inclus.",in stock,new,84.00 EUR,https://site-france-orpin.vercel.app/#boutique,https://site-france-orpin.vercel.app/img/poster-blindee.jpg,FortDébat,poster-blindee,50 × 70 cm
poster-cavalerie-13x18,Engagez-vous dans la cavalerie — 13 × 18 cm,"Reproduction d'époque grand format, huit formats disponibles. Cadre non inclus.",in stock,new,18.00 EUR,https://site-france-orpin.vercel.app/#boutique,https://site-france-orpin.vercel.app/img/poster-cavalerie.jpg,FortDébat,poster-cavalerie,13 × 18 cm
poster-cavalerie-20x25,Engagez-vous dans la cavalerie — 20 × 25 cm,"Reproduction d'époque grand format, huit formats disponibles. Cadre non inclus.",in stock,new,21.00 EUR,https://site-france-orpin.vercel.app/#boutique,https://site-france-orpin.vercel.app/img/poster-cavalerie.jpg,FortDébat,poster-cavalerie,20 × 25 cm
poster-cavalerie-21x30,Engagez-vous dans la cavalerie — 21 × 30 cm,"Reproduction d'époque grand format, huit formats disponibles. Cadre non inclus.",in stock,new,25.00 EUR,https://site-france-orpin.vercel.app/#boutique,https://site-france-orpin.vercel.app/img/poster-cavalerie.jpg,FortDébat,poster-cavalerie,21 × 30 cm
poster-cavalerie-30x40,Engagez-vous dans la cavalerie — 30 × 40 cm,"Reproduction d'époque grand format, huit formats disponibles. Cadre non inclus.",in stock,new,32.00 EUR,https://site-france-orpin.vercel.app/#boutique,https://site-france-orpin.vercel.app/img/poster-cavalerie.jpg,FortDébat,poster-cavalerie,30 × 40 cm
poster-cavalerie-30x42,Engagez-vous dans la cavalerie — 30 × 42 cm,"Reproduction d'époque grand format, huit formats disponibles. Cadre non inclus.",in stock,new,34.00 EUR,https://site-france-orpin.vercel.app/#boutique,https://site-france-orpin.vercel.app/img/poster-cavalerie.jpg,FortDébat,poster-cavalerie,30 × 42 cm
poster-cavalerie-40x50,Engagez-vous dans la cavalerie — 40 × 50 cm,"Reproduction d'époque grand format, huit formats disponibles. Cadre non inclus.",in stock,new,38.00 EUR,https://site-france-orpin.vercel.app/#boutique,https://site-france-orpin.vercel.app/img/poster-cavalerie.jpg,FortDébat,poster-cavalerie,40 × 50 cm
poster-cavalerie-40x60,Engagez-vous dans la cavalerie — 40 × 60 cm,"Reproduction d'époque grand format, huit formats disponibles. Cadre non inclus.",in stock,new,42.00 EUR,https://site-france-orpin.vercel.app/#boutique,https://site-france-orpin.vercel.app/img/poster-cavalerie.jpg,FortDébat,poster-cavalerie,40 × 60 cm
poster-cavalerie-50x70,Engagez-vous dans la cavalerie — 50 × 70 cm,"Reproduction d'époque grand format, huit formats disponibles. Cadre non inclus.",in stock,new,84.00 EUR,https://site-france-orpin.vercel.app/#boutique,https://site-france-orpin.vercel.app/img/poster-cavalerie.jpg,FortDébat,poster-cavalerie,50 × 70 cm
poster-afrique-13x18,Exposition à la gloire de l’armée d’Afrique — 13 × 18 cm,"Reproduction d'époque grand format, huit formats disponibles. Cadre non inclus.",in stock,new,18.00 EUR,https://site-france-orpin.vercel.app/#boutique,https://site-france-orpin.vercel.app/img/poster-afrique.jpg,FortDébat,poster-afrique,13 × 18 cm
poster-afrique-20x25,Exposition à la gloire de l’armée d’Afrique — 20 × 25 cm,"Reproduction d'époque grand format, huit formats disponibles. Cadre non inclus.",in stock,new,21.00 EUR,https://site-france-orpin.vercel.app/#boutique,https://site-france-orpin.vercel.app/img/poster-afrique.jpg,FortDébat,poster-afrique,20 × 25 cm
poster-afrique-21x30,Exposition à la gloire de l’armée d’Afrique — 21 × 30 cm,"Reproduction d'époque grand format, huit formats disponibles. Cadre non inclus.",in stock,new,25.00 EUR,https://site-france-orpin.vercel.app/#boutique,https://site-france-orpin.vercel.app/img/poster-afrique.jpg,FortDébat,poster-afrique,21 × 30 cm
poster-afrique-30x40,Exposition à la gloire de l’armée d’Afrique — 30 × 40 cm,"Reproduction d'époque grand format, huit formats disponibles. Cadre non inclus.",in stock,new,32.00 EUR,https://site-france-orpin.vercel.app/#boutique,https://site-france-orpin.vercel.app/img/poster-afrique.jpg,FortDébat,poster-afrique,30 × 40 cm
poster-afrique-30x42,Exposition à la gloire de l’armée d’Afrique — 30 × 42 cm,"Reproduction d'époque grand format, huit formats disponibles. Cadre non inclus.",in stock,new,34.00 EUR,https://site-france-orpin.vercel.app/#boutique,https://site-france-orpin.vercel.app/img/poster-afrique.jpg,FortDébat,poster-afrique,30 × 42 cm
poster-afrique-40x50,Exposition à la gloire de l’armée d’Afrique — 40 × 50 cm,"Reproduction d'époque grand format, huit formats disponibles. Cadre non inclus.",in stock,new,38.00 EUR,https://site-france-orpin.vercel.app/#boutique,https://site-france-orpin.vercel.app/img/poster-afrique.jpg,FortDébat,poster-afrique,40 × 50 cm
poster-afrique-40x60,Exposition à la gloire de l’armée d’Afrique — 40 × 60 cm,"Reproduction d'époque grand format, huit formats disponibles. Cadre non inclus.",in stock,new,42.00 EUR,https://site-france-orpin.vercel.app/#boutique,https://site-france-orpin.vercel.app/img/poster-afrique.jpg,FortDébat,poster-afrique,40 × 60 cm
poster-afrique-50x70,Exposition à la gloire de l’armée d’Afrique — 50 × 70 cm,"Reproduction d'époque grand format, huit formats disponibles. Cadre non inclus.",in stock,new,84.00 EUR,https://site-france-orpin.vercel.app/#boutique,https://site-france-orpin.vercel.app/img/poster-afrique.jpg,FortDébat,poster-afrique,50 × 70 cm
